organization,customer_type,country,region,territory,website,domain,emails,contact_names,opportunity_count,max_priority,contacted,first_contact_allowed,dedup_decision,dedup_reasons,last_outbound_at
Global Service Impresa,WEB_DIGITAL_AGENCY,Italy,Campania,,https://www.globalserviceimpresa.it/lavora-con-noi/,globalserviceimpresa.it,info@globalserviceimpresa.it,,1,70,True,False,HARD_BLOCK_DUPLICATE,CORPORATE_DOMAIN_ALREADY_CONTACTED; EXACT_EMAIL_ALREADY_CONTACTED; ORGANIZATION_ALREADY_CONTACTED,2026-09-04T07:41:58Z
Dnaagency,WEB_DIGITAL_AGENCY,Italy,Campania,,https://dna-agency.it/,dna-agency.it,,,1,,False,True,CLEAR_FOR_NEXT_GATES,,
Mediaimmagine,WEB_DIGITAL_AGENCY,Italy,Friuli-Venezia Giulia,,https://www.ialweb.it/offerte/web-designer-2026-05-18,ialweb.it,,,1,,False,True,CLEAR_FOR_NEXT_GATES,,
Grownnectia,WEB_DIGITAL_AGENCY,Italy,Lazio,,https://bebee.com/it/jobs/sistemista-e-sviluppatore-wordpress-infrastruttura-grownnectia-piva-ibrido-grownnectia-srl-roma-lazi--t7xk-780729090,bebee.com,,,1,,False,True,CLEAR_FOR_NEXT_GATES,,
Remedia Group,WEB_DIGITAL_AGENCY,Italy,Lazio,,https://www.remediagroup.it/it/careers/,remediagroup.it,rleonzi@remediagroup.it,,1,,True,False,HARD_BLOCK_DUPLICATE,CORPORATE_DOMAIN_ALREADY_CONTACTED; EXACT_EMAIL_ALREADY_CONTACTED; ORGANIZATION_ALREADY_CONTACTED,2026-09-09T10:37:34Z
alma-creative.it,WEB_DIGITAL_AGENCY,Italy,Lazio,,https://alma-creative.it/jobs/,alma-creative.it,jobs@alma-creative.it,,1,,True,False,HARD_BLOCK_DUPLICATE,CORPORATE_DOMAIN_ALREADY_CONTACTED; EXACT_EMAIL_ALREADY_CONTACTED; ORGANIZATION_ALREADY_CONTACTED,2026-10-05T16:05:20Z
Walkstone,WEB_DIGITAL_AGENCY,Italy,Lombardia,,https://www.walkstone.it/it/front-end_developer/,walkstone.it,,,1,94,False,True,CLEAR_FOR_NEXT_GATES,,
Dreambig,WEB_DIGITAL_AGENCY,Italy,Lombardia,,https://dreambigdesign.it/team-dream-big/,dreambigdesign.it,,,1,,False,True,CLEAR_FOR_NEXT_GATES,,
Onebit,WEB_DIGITAL_AGENCY,Italy,Piemonte,,https://www.onebit.it/web-agency-a-torino-lavora-con-noi/,onebit.it,,,1,98,False,False,HARD_BLOCK_DUPLICATE,CORPORATE_DOMAIN_ALREADY_CONTACTED,
Cn Digityze,WEB_DIGITAL_AGENCY,Italy,Piemonte,,https://www.digityze.it/,digityze.it,,,1,96,False,True,CLEAR_FOR_NEXT_GATES,,
RelyBytes S.r.l.,WEB_DIGITAL_AGENCY,Italy,Piemonte,,https://relybytes.com/it/freelance,relybytes.com,,,1,,False,True,CLEAR_FOR_NEXT_GATES,,
Robert Half Contracting,WEB_DIGITAL_AGENCY,Italy,Puglia,,https://www.roberthalf.it/contatti/,roberthalf.it,,,1,98,False,True,CLEAR_FOR_NEXT_GATES,,
Visioni,WEB_DIGITAL_AGENCY,Italy,Sicilia,,https://www.visioni.net/index.php/Contenuti/web-designer.html,visioni.net,,,1,,False,True,CLEAR_FOR_NEXT_GATES,,
Zmot Lab,WEB_DIGITAL_AGENCY,Italy,Toscana,,https://zmotlab.it/lavora-con-noi/sviluppatore-senior/,zmotlab.it,ciao@zmotlab.it,,1,97,True,False,HARD_BLOCK_DUPLICATE,CORPORATE_DOMAIN_ALREADY_CONTACTED; EXACT_EMAIL_ALREADY_CONTACTED; ORGANIZATION_ALREADY_CONTACTED,2026-09-04T07:59:55Z
Nexibo,WEB_DIGITAL_AGENCY,Italy,Toscana,,https://nexibo.agency/contatti,nexibo.agency,,,1,,False,False,HARD_BLOCK_DUPLICATE,CORPORATE_DOMAIN_ALREADY_CONTACTED,
Abr Pe Odda,WEB_DIGITAL_AGENCY,Italy,Unresolved,,https://www.oddastudio.com/,oddastudio.com,,,1,99,False,False,HARD_BLOCK_DUPLICATE,CORPORATE_DOMAIN_ALREADY_CONTACTED,
Pg Evosistemi,WEB_DIGITAL_AGENCY,Italy,Unresolved,,https://www.evosistemi.com/lavora-con-noi/,evosistemi.com,,,1,98,False,False,HARD_BLOCK_DUPLICATE,CORPORATE_DOMAIN_ALREADY_CONTACTED,
IdeaCommerce,WEB_DIGITAL_AGENCY,Italy,Unresolved,,https://www.ideacommerce.it/chi-siamo/lavora-con-noi/,ideacommerce.it,info@ideacommerce.it,,1,94,True,False,HARD_BLOCK_DUPLICATE,CORPORATE_DOMAIN_ALREADY_CONTACTED; EXACT_EMAIL_ALREADY_CONTACTED; ORGANIZATION_ALREADY_CONTACTED,2026-10-05T14:11:31Z
Developo.dev,WEB_DIGITAL_AGENCY,Italy,Unresolved,,https://developo.dev/,developo.dev,,,1,,False,True,CLEAR_FOR_NEXT_GATES,,
Fabrizio Palazzo,WEB_DIGITAL_AGENCY,Italy,Unresolved,,https://www.fabriziopalazzo.com/index.html,fabriziopalazzo.com,,,1,,False,True,CLEAR_FOR_NEXT_GATES,,
Innovative Web Agency,WEB_DIGITAL_AGENCY,Italy,Unresolved,,,innovativewebagency.it,lavora.con.noi@innovativewebagency.it,,0,,True,False,HARD_BLOCK_DUPLICATE,CORPORATE_DOMAIN_ALREADY_CONTACTED; EXACT_EMAIL_ALREADY_CONTACTED; ORGANIZATION_ALREADY_CONTACTED,2026-09-14T07:16:03Z
KGM Servizi,WEB_DIGITAL_AGENCY,Italy,Unresolved,,https://www.kgmservizi.com/per-agenzie/,kgmservizi.com,,,1,,False,True,CLEAR_FOR_NEXT_GATES,,
TeknoTeam,WEB_DIGITAL_AGENCY,Italy,Unresolved,,https://www.teknoteam.it/,teknoteam.it,,,1,,False,True,CLEAR_FOR_NEXT_GATES,,
danieledebernardis.it,WEB_DIGITAL_AGENCY,Italy,Unresolved,,https://danieledebernardis.it/,danieledebernardis.it,info@danieledebernardis.it,,1,,True,False,HARD_BLOCK_DUPLICATE,CORPORATE_DOMAIN_ALREADY_CONTACTED; EXACT_EMAIL_ALREADY_CONTACTED; ORGANIZATION_ALREADY_CONTACTED,2026-09-23T11:53:43Z
leomat.it,WEB_DIGITAL_AGENCY,Italy,Unresolved,,https://leomat.it/,leomat.it,info@leomat.it,,1,,True,False,HARD_BLOCK_DUPLICATE,CORPORATE_DOMAIN_ALREADY_CONTACTED; EXACT_EMAIL_ALREADY_CONTACTED; ORGANIZATION_ALREADY_CONTACTED,2026-10-05T16:39:05Z
Vr Dato Digitale,WEB_DIGITAL_AGENCY,Italy,Veneto,,https://www.datodigitale.it/lavora-con-noi/,datodigitale.it,,,1,95,False,True,CLEAR_FOR_NEXT_GATES,,
Us Il Cyberoptik,WEB_DIGITAL_AGENCY,Remote,Unresolved,,https://www.cyberoptik.net/career/front-end-developer/,cyberoptik.net,,,1,96,False,True,CLEAR_FOR_NEXT_GATES,,
Cant Cantabria Web Design,WEB_DIGITAL_AGENCY,Spain,Cantabria,,https://cantabriawebdesign.es/aviso-legal/,cantabriawebdesign.es,,,1,98,False,False,HARD_BLOCK_DUPLICATE,CORPORATE_DOMAIN_ALREADY_CONTACTED,
Tar Aplum Studio,WEB_DIGITAL_AGENCY,Spain,Cataluña,,https://aplumstudio.com/,aplumstudio.com,,,1,99,False,False,HARD_BLOCK_DUPLICATE,CORPORATE_DOMAIN_ALREADY_CONTACTED,
Iberica Studio,WEB_DIGITAL_AGENCY,Spain,Cataluña,,https://ibericastudio.com/trabaja-con-nosotros/,ibericastudio.com,,,1,,False,False,HARD_BLOCK_DUPLICATE,CORPORATE_DOMAIN_ALREADY_CONTACTED,
Aderen Wordpress Freelance,WEB_DIGITAL_AGENCY,Spain,Comunidad de Madrid,,https://aderen.es/es/,aderen.es,,,1,98,False,True,CLEAR_FOR_NEXT_GATES,,
Hays Fullstack Freelance,WEB_DIGITAL_AGENCY,Spain,Comunidad de Madrid,,https://www.publipega.com/empleos/desarrollador-fullstack-laravel-wordpress-freelance/,publipega.com,,,1,97,False,True,CLEAR_FOR_NEXT_GATES,,
vaivenestudio.es,WEB_DIGITAL_AGENCY,Spain,Galicia,,https://vaivenestudio.es/,vaivenestudio.es,julia@vaivenestudio.es,,1,,True,False,HARD_BLOCK_DUPLICATE,CORPORATE_DOMAIN_ALREADY_CONTACTED; EXACT_EMAIL_ALREADY_CONTACTED; ORGANIZATION_ALREADY_CONTACTED,2026-10-02T08:59:54Z
Mur Mur Mobyleshop,WEB_DIGITAL_AGENCY,Spain,Región de Murcia,,https://mobyleshop.com/trabajar-con-nosotros/,mobyleshop.com,,,1,,False,False,HARD_BLOCK_DUPLICATE,CORPORATE_DOMAIN_ALREADY_CONTACTED,
Mindrift,WEB_DIGITAL_AGENCY,Spain,Unresolved,,https://mindrift.ai/project/design,mindrift.ai,,,1,98,False,True,CLEAR_FOR_NEXT_GATES,,
,WEB_DIGITAL_AGENCY,Spain,Unresolved,,https://www.workana.com/en/job/bilingual-front-end-developer-webmaster-wordpress-squarespace-on-demand,workana.com,,,1,92,False,True,CLEAR_FOR_NEXT_GATES,,
Alicante Developers,WEB_DIGITAL_AGENCY,Spain,Unresolved,,https://alicantedevelopers.com/agencias/,alicantedevelopers.com,,,1,,False,False,HARD_BLOCK_DUPLICATE,CORPORATE_DOMAIN_ALREADY_CONTACTED,
Factor Ideas,WEB_DIGITAL_AGENCY,Spain,Unresolved,,https://factorideas.com/servicios/marca-blanca,factorideas.com,info@factorideas.com,,1,,True,False,HARD_BLOCK_DUPLICATE,CORPORATE_DOMAIN_ALREADY_CONTACTED; EXACT_EMAIL_ALREADY_CONTACTED; ORGANIZATION_ALREADY_CONTACTED,2026-10-05T14:11:08Z
Gira180,WEB_DIGITAL_AGENCY,Spain,Unresolved,,https://gira180.com/desarrollo-web-marca-blanca/,gira180.com,info@gira180.com,,1,,True,False,HARD_BLOCK_DUPLICATE,CORPORATE_DOMAIN_ALREADY_CONTACTED; EXACT_EMAIL_ALREADY_CONTACTED; ORGANIZATION_ALREADY_CONTACTED,2026-10-05T14:12:16Z
IQV Media,WEB_DIGITAL_AGENCY,Spain,Unresolved,,https://iqvmedia.com/desarrollo-white-label-agencias/,iqvmedia.com,hola@iqvmedia.com,,1,,True,False,HARD_BLOCK_DUPLICATE,CORPORATE_DOMAIN_ALREADY_CONTACTED; EXACT_EMAIL_ALREADY_CONTACTED; ORGANIZATION_ALREADY_CONTACTED,2026-10-05T16:36:57Z
Kabuku,WEB_DIGITAL_AGENCY,Spain,Unresolved,,https://kabuku.es/contacto/,kabuku.es,,,1,,False,False,HARD_BLOCK_DUPLICATE,CORPORATE_DOMAIN_ALREADY_CONTACTED,
deadwood.es,WEB_DIGITAL_AGENCY,Spain,Unresolved,,https://deadwood.es/partner-tecnico-agencias,deadwood.es,david@deadwood.es,,1,,True,False,HARD_BLOCK_DUPLICATE,CORPORATE_DOMAIN_ALREADY_CONTACTED; EXACT_EMAIL_ALREADY_CONTACTED; ORGANIZATION_ALREADY_CONTACTED,2026-10-05T14:43:20Z
Lirink Digital Agency,WEB_DIGITAL_AGENCY,Unknown,Unresolved,,,lirink.com,info@lirink.com,,0,,True,False,HARD_BLOCK_DUPLICATE,CORPORATE_DOMAIN_ALREADY_CONTACTED; EXACT_EMAIL_ALREADY_CONTACTED; ORGANIZATION_ALREADY_CONTACTED,2026-09-08T08:36:48Z
RETURN Digital Agency,WEB_DIGITAL_AGENCY,Unknown,Unresolved,,,return.lv,info@return.lv,,0,,True,False,HARD_BLOCK_DUPLICATE,CORPORATE_DOMAIN_ALREADY_CONTACTED; EXACT_EMAIL_ALREADY_CONTACTED; ORGANIZATION_ALREADY_CONTACTED,2026-09-08T14:37:31Z
Mucui,CREATIVE_BRANDING_AGENCY,Remote,Unresolved,,https://www.workana.com/pt/job/desarrollador-wordpress-y-elementor-para-colaboracion-continua-en-proyectos,workana.com,,,1,99,False,True,CLEAR_FOR_NEXT_GATES,,
Scribe Creative Agency,CREATIVE_BRANDING_AGENCY,Unknown,Unresolved,,,wearescribe.com,jobs@wearescribe.com,,0,,True,False,HARD_BLOCK_DUPLICATE,EXACT_EMAIL_ALREADY_CONTACTED; ORGANIZATION_ALREADY_CONTACTED,2026-09-08T14:40:19Z
Pc Studiart,MARKETING_COMMUNICATION_AGENCY,Italy,Emilia-Romagna,,https://www.studiart.it/entra-a-far-parte-della-nostra-agenzia-di-comunicazione-piacenza/,studiart.it,,,1,,False,False,HARD_BLOCK_DUPLICATE,CORPORATE_DOMAIN_ALREADY_CONTACTED,
Pump Communication,MARKETING_COMMUNICATION_AGENCY,Italy,Trentino-Alto Adige,,https://pumpcommunication.com/,pumpcommunication.com,info@pumpcommunication.com,,1,99,True,False,HARD_BLOCK_DUPLICATE,CORPORATE_DOMAIN_ALREADY_CONTACTED; EXACT_EMAIL_ALREADY_CONTACTED; ORGANIZATION_ALREADY_CONTACTED,2026-09-14T15:38:03Z
Summum Marketing,MARKETING_COMMUNICATION_AGENCY,Spain,Castilla y León,,https://summummarketing.es/colaboradores/,summummarketing.es,talento@summummarketing.es,,1,,True,False,HARD_BLOCK_DUPLICATE,CORPORATE_DOMAIN_ALREADY_CONTACTED; EXACT_EMAIL_ALREADY_CONTACTED; ORGANIZATION_ALREADY_CONTACTED,2026-09-06T12:47:41Z
Elche Virtual Marketing Spain,MARKETING_COMMUNICATION_AGENCY,Spain,Comunitat Valenciana,,https://www.milanuncios.com/oportunidades-de-negocio/agencia-representacion-futbolistas.htm,milanuncios.com,,,1,99,False,True,CLEAR_FOR_NEXT_GATES,,
,SOFTWARE_HOUSE_TECH_COMPANY,EU,Unresolved,,,,,,1,,False,True,CLEAR_FOR_NEXT_GATES,,
Sapres Technologies GmbH,SOFTWARE_HOUSE_TECH_COMPANY,Germany,Unresolved,,,,,,1,,False,True,CLEAR_FOR_NEXT_GATES,,
Ajax Creative,SOFTWARE_HOUSE_TECH_COMPANY,Unknown,Unresolved,,,,,,1,,False,True,CLEAR_FOR_NEXT_GATES,,
"Cayenne Global, LLC",SOFTWARE_HOUSE_TECH_COMPANY,Unknown,Unresolved,,,,,,1,,False,True,CLEAR_FOR_NEXT_GATES,,
Digital Rocket,SOFTWARE_HOUSE_TECH_COMPANY,Unknown,Unresolved,,,,,,1,,False,True,CLEAR_FOR_NEXT_GATES,,
Agencia Andaluza de la Energía,EU_PROJECT_RESEARCH_ORGANIZATION,Spain,Unresolved,,https://www.juntadeandalucia.es/haciendayadministracionpublica/apl/pdc-front-publico/perfiles-licitaciones/detalle-licitacion?idExpediente=1008460,juntadeandalucia.es,,,1,,False,True,CLEAR_FOR_NEXT_GATES,,
horizon-design.eu,EU_PROJECT_RESEARCH_ORGANIZATION,Unknown,Unresolved,,,horizon-design.eu,hello@horizon-design.eu,,0,,True,False,HARD_BLOCK_DUPLICATE,CORPORATE_DOMAIN_ALREADY_CONTACTED; EXACT_EMAIL_ALREADY_CONTACTED; ORGANIZATION_ALREADY_CONTACTED,2026-09-24T11:32:31Z
BSC Webdesign,SME_DIRECT_BUYER,Austria,Unresolved,,,,,,1,,False,True,CLEAR_FOR_NEXT_GATES,,
Group easyweb,SME_DIRECT_BUYER,France,Unresolved,,,,,,1,,False,True,CLEAR_FOR_NEXT_GATES,,
IOCOS di G.C.,SME_DIRECT_BUYER,Italy,Calabria,,,,,,1,,False,True,CLEAR_FOR_NEXT_GATES,,
ReMedia Italia SRL,SME_DIRECT_BUYER,Italy,Lazio,,,,,,1,,False,True,CLEAR_FOR_NEXT_GATES,,
LIVEAT SRL,SME_DIRECT_BUYER,Italy,Lombardia,,,,,,1,,False,True,CLEAR_FOR_NEXT_GATES,,
Maia Management,SME_DIRECT_BUYER,Italy,Piemonte,,https://maiamanagement.it/,maiamanagement.it,,,1,,False,True,CLEAR_FOR_NEXT_GATES,,
The Wave,SME_DIRECT_BUYER,Italy,Sicilia,,https://www.thewavestudio.it/careers/wordpress-web-developer,thewavestudio.it,,,1,92,False,True,CLEAR_FOR_NEXT_GATES,,
Ib Abaqua,SME_DIRECT_BUYER,Italy,Unresolved,,https://contratos.gobierto.es/licitaciones/5209131,contratos.gobierto.es,,,1,98,False,True,CLEAR_FOR_NEXT_GATES,,
Expansionet,SME_DIRECT_BUYER,Italy,Unresolved,,,,,,1,,False,True,CLEAR_FOR_NEXT_GATES,,
Adviva Srl [WMR],SME_DIRECT_BUYER,Italy,Veneto,,,,,,1,,False,True,CLEAR_FOR_NEXT_GATES,,
Visible Comunicación Estratégica,SME_DIRECT_BUYER,Spain,Cantabria,,,,,,1,,False,True,CLEAR_FOR_NEXT_GATES,,
An Autoridad Portuaria Sevilla,SME_DIRECT_BUYER,Spain,Unresolved,,https://contrataciondelestado.es/wps/poc?idEvl=PsC4CS9tlFKIzo3LHNPGcQ%3D%3D&uri=deeplink%3Adetalle_licitacion,contrataciondelestado.es,,,1,99,False,True,CLEAR_FOR_NEXT_GATES,,
Ct Diputacio Barcelona,SME_DIRECT_BUYER,Spain,Unresolved,,https://contractaciopublica.cat/ca/detall-publicacio/d9b8705f-b372-4717-b1ed-6a36b9e46d77/300855049,contractaciopublica.cat,,,1,98,False,True,CLEAR_FOR_NEXT_GATES,,
Agencia Reinicia,SME_DIRECT_BUYER,Spain,Unresolved,,,,,,1,,False,True,CLEAR_FOR_NEXT_GATES,,
Boneluv,SME_DIRECT_BUYER,Spain,Unresolved,,,,,,1,,False,True,CLEAR_FOR_NEXT_GATES,,
DataSystem / miwebmadrid.es,SME_DIRECT_BUYER,Spain,Unresolved,,,,,,1,,False,True,CLEAR_FOR_NEXT_GATES,,
Diwar Marketing SL,SME_DIRECT_BUYER,Spain,Unresolved,,,,,,1,,False,True,CLEAR_FOR_NEXT_GATES,,
LocalStack,SME_DIRECT_BUYER,Spain,Unresolved,,,,,,1,,False,True,CLEAR_FOR_NEXT_GATES,,
Lodgify,SME_DIRECT_BUYER,Spain,Unresolved,,,,,,1,,False,True,CLEAR_FOR_NEXT_GATES,,
Mindrift,SME_DIRECT_BUYER,Spain,Unresolved,,,,,,1,,False,True,CLEAR_FOR_NEXT_GATES,,
Afternow (formerly BB Agency),SME_DIRECT_BUYER,Unknown,Unresolved,,,,,,1,,False,True,CLEAR_FOR_NEXT_GATES,,
"Algert, Inc.",SME_DIRECT_BUYER,Unknown,Unresolved,,,,,,1,,False,True,CLEAR_FOR_NEXT_GATES,,
Bosun,SME_DIRECT_BUYER,Unknown,Unresolved,,,,,,1,,False,True,CLEAR_FOR_NEXT_GATES,,
BruntWork,SME_DIRECT_BUYER,Unknown,Unresolved,,,,,,1,,False,True,CLEAR_FOR_NEXT_GATES,,
Hjemmesider og Marketing,SME_DIRECT_BUYER,Unknown,Unresolved,,,,,,1,,False,True,CLEAR_FOR_NEXT_GATES,,
Hollyminds Studios,SME_DIRECT_BUYER,Unknown,Unresolved,,,,,,1,,False,True,CLEAR_FOR_NEXT_GATES,,
Human Made Limited,SME_DIRECT_BUYER,Unknown,Unresolved,,,,,,1,,False,True,CLEAR_FOR_NEXT_GATES,,
Koda North,SME_DIRECT_BUYER,Unknown,Unresolved,,,,,,1,,False,True,CLEAR_FOR_NEXT_GATES,,
Madeo Studio,SME_DIRECT_BUYER,Unknown,Unresolved,,,,,,1,,False,True,CLEAR_FOR_NEXT_GATES,,
Morphuse Digital,SME_DIRECT_BUYER,Unknown,Unresolved,,,,,,1,,False,True,CLEAR_FOR_NEXT_GATES,,
One Thing Marketing,SME_DIRECT_BUYER,Unknown,Unresolved,,,,,,1,,False,True,CLEAR_FOR_NEXT_GATES,,
SO Design Online,SME_DIRECT_BUYER,Unknown,Unresolved,,,,,,1,,False,True,CLEAR_FOR_NEXT_GATES,,
SiteMile / SC Sitemile SRL,SME_DIRECT_BUYER,Unknown,Unresolved,,,,,,1,,False,True,CLEAR_FOR_NEXT_GATES,,
TechBiz Global GmbH,SME_DIRECT_BUYER,Unknown,Unresolved,,,,,,1,,False,True,CLEAR_FOR_NEXT_GATES,,
Wordune,SME_DIRECT_BUYER,Unknown,Unresolved,,,,,,1,,False,True,CLEAR_FOR_NEXT_GATES,,
Mobyleshop,ECOMMERCE_RETAIL,Spain,Unresolved,,,,,,1,,False,True,CLEAR_FOR_NEXT_GATES,,
glitch-shop.com,ECOMMERCE_RETAIL,Unknown,Unresolved,,,glitch-shop.com,dan@glitch-shop.com,,0,,True,False,HARD_BLOCK_DUPLICATE,CORPORATE_DOMAIN_ALREADY_CONTACTED; EXACT_EMAIL_ALREADY_CONTACTED; ORGANIZATION_ALREADY_CONTACTED,2026-09-24T07:34:10Z
enco-consulting.it,PROFESSIONAL_SERVICES,Italy,Unresolved,,,enco-consulting.it,m.delafeld@enco-consulting.it; scarpa@enco-consulting.it,,0,,True,False,HARD_BLOCK_DUPLICATE,CORPORATE_DOMAIN_ALREADY_CONTACTED; EXACT_EMAIL_ALREADY_CONTACTED; ORGANIZATION_ALREADY_CONTACTED,2026-10-05T14:38:51Z
boscolohotelmarketing.com,REAL_ESTATE_HOSPITALITY,Unknown,Unresolved,,,boscolohotelmarketing.com,hr@boscolohotelmarketing.com,,0,,True,False,HARD_BLOCK_DUPLICATE,CORPORATE_DOMAIN_ALREADY_CONTACTED; EXACT_EMAIL_ALREADY_CONTACTED; ORGANIZATION_ALREADY_CONTACTED,2026-09-22T14:02:53Z
Cn Los Realejos Web Tender,PUBLIC_SECTOR_PROCUREMENT,Spain,Unresolved,,https://contrataciondelestado.es/wps/poc?idEvl=yeh8V%2FM44FGcCF8sV%2BqtYA%3D%3D&uri=deeplink%3Adetalle_licitacion,contrataciondelestado.es,,,1,99,False,True,CLEAR_FOR_NEXT_GATES,,
Cl Proburgos Web Tender,PUBLIC_SECTOR_PROCUREMENT,Spain,Unresolved,,https://contrataciondelestado.es/wps/poc?idEvl=vOBDiXZSV76FlFRHfEzEaw%3D%3D&uri=deeplink%3Adetalle_licitacion,contrataciondelestado.es,,,1,98,False,True,CLEAR_FOR_NEXT_GATES,,
Pangolin Marketing,NONPROFIT_ASSOCIATION,Unknown,Unresolved,,,,,,1,,False,True,CLEAR_FOR_NEXT_GATES,,
Talentchef,RECRUITER_INTERMEDIARY,Spain,Comunidad de Madrid,,,,,,1,,False,True,CLEAR_FOR_NEXT_GATES,,
National Technical University of Athens,OTHER,EU,Unresolved,,,chemeng.ntua.gr,vstavridi@chemeng.ntua.gr,Vana Stavridi,0,,False,True,CLEAR_FOR_NEXT_GATES,,
University of Oslo,OTHER,EU,Unresolved,,,medisin.uio.no,k.c.k.dash@medisin.uio.no; r.de.l.c.bernabe@medisin.uio.no; rdbernab@uio.no,Keziah Chanyisa Khayadi Dash; Rosemarie de La Cruz Bernabe,0,,False,True,CLEAR_FOR_NEXT_GATES,,
Elia Digital & AI Solutions,OTHER,Germany,Unresolved,,,elia-digital.de,info@elia-digital.de,,0,,True,False,HARD_BLOCK_DUPLICATE,CORPORATE_DOMAIN_ALREADY_CONTACTED; EXACT_EMAIL_ALREADY_CONTACTED; ORGANIZATION_ALREADY_CONTACTED,2026-09-12T09:08:16Z
nomado24.de,OTHER,Germany,Unresolved,,,nomado24.de,anton.petuchow@nomado24.de,,0,,True,False,HARD_BLOCK_DUPLICATE,CORPORATE_DOMAIN_ALREADY_CONTACTED; EXACT_EMAIL_ALREADY_CONTACTED; ORGANIZATION_ALREADY_CONTACTED,2026-10-05T13:32:37Z
2Next Srl,OTHER,Italy,Unresolved,,,2next.it,info@2next.it,,0,,True,False,HARD_BLOCK_DUPLICATE,CORPORATE_DOMAIN_ALREADY_CONTACTED; EXACT_EMAIL_ALREADY_CONTACTED; ORGANIZATION_ALREADY_CONTACTED,2026-09-05T07:44:22Z
Alpacode,OTHER,Italy,Unresolved,,,alpacode.it,info@alpacode.it,,0,,True,False,HARD_BLOCK_DUPLICATE,CORPORATE_DOMAIN_ALREADY_CONTACTED; EXACT_EMAIL_ALREADY_CONTACTED; ORGANIZATION_ALREADY_CONTACTED,2026-09-04T09:30:56Z
Avangarde,OTHER,Italy,Unresolved,,,avangarde.it,info@avangarde.it,,0,,True,False,HARD_BLOCK_DUPLICATE,CORPORATE_DOMAIN_ALREADY_CONTACTED; EXACT_EMAIL_ALREADY_CONTACTED; ORGANIZATION_ALREADY_CONTACTED,2026-09-04T09:24:05Z
BD & Partners,OTHER,Italy,Unresolved,,,bdpartners.it,info@bdpartners.it,,0,,True,False,HARD_BLOCK_DUPLICATE,CORPORATE_DOMAIN_ALREADY_CONTACTED; EXACT_EMAIL_ALREADY_CONTACTED; ORGANIZATION_ALREADY_CONTACTED,2026-09-14T13:56:16Z
D-Sign,OTHER,Italy,Unresolved,,,dsidesign.it,info@dsidesign.it,,0,,True,False,HARD_BLOCK_DUPLICATE,CORPORATE_DOMAIN_ALREADY_CONTACTED; EXACT_EMAIL_ALREADY_CONTACTED; ORGANIZATION_ALREADY_CONTACTED,2026-09-09T16:02:49Z
DigitalPA,OTHER,Italy,Unresolved,,,digitalpa.it,curricula@digitalpa.it,,0,,True,False,HARD_BLOCK_DUPLICATE,CORPORATE_DOMAIN_ALREADY_CONTACTED; EXACT_EMAIL_ALREADY_CONTACTED; ORGANIZATION_ALREADY_CONTACTED,2026-09-11T07:03:37Z
EchoPress,OTHER,Italy,Unresolved,,,echopress.it,info@echopress.it,,0,,True,False,HARD_BLOCK_DUPLICATE,CORPORATE_DOMAIN_ALREADY_CONTACTED; EXACT_EMAIL_ALREADY_CONTACTED; ORGANIZATION_ALREADY_CONTACTED,2026-09-09T12:34:48Z
Globo Marketing,OTHER,Italy,Unresolved,,,globomarketing.it,job@globomarketing.it,,0,,True,False,HARD_BLOCK_DUPLICATE,CORPORATE_DOMAIN_ALREADY_CONTACTED; EXACT_EMAIL_ALREADY_CONTACTED; ORGANIZATION_ALREADY_CONTACTED,2026-09-08T16:36:48Z
Goalnet,OTHER,Italy,Unresolved,,,goalnet.it,info@goalnet.it,,0,,True,False,HARD_BLOCK_DUPLICATE,CORPORATE_DOMAIN_ALREADY_CONTACTED; EXACT_EMAIL_ALREADY_CONTACTED; ORGANIZATION_ALREADY_CONTACTED,2026-09-09T12:34:57Z
Gritlab,OTHER,Italy,Unresolved,,,gritlab.it,info@gritlab.it,,0,,True,False,HARD_BLOCK_DUPLICATE,CORPORATE_DOMAIN_ALREADY_CONTACTED; EXACT_EMAIL_ALREADY_CONTACTED; ORGANIZATION_ALREADY_CONTACTED,2026-09-14T14:40:51Z
Heritage S.r.l.,OTHER,Italy,Unresolved,,,heritage-srl.it,careers@heritage-srl.it,,0,,True,False,HARD_BLOCK_DUPLICATE,CORPORATE_DOMAIN_ALREADY_CONTACTED; EXACT_EMAIL_ALREADY_CONTACTED; ORGANIZATION_ALREADY_CONTACTED,2026-09-04T08:42:36Z
Ieros,OTHER,Italy,Unresolved,,,ieros.it,info@ieros.it,,0,,True,False,HARD_BLOCK_DUPLICATE,CORPORATE_DOMAIN_ALREADY_CONTACTED; EXACT_EMAIL_ALREADY_CONTACTED; ORGANIZATION_ALREADY_CONTACTED,2026-09-04T08:15:48Z
Indaweb S.R.L.,OTHER,Italy,Unresolved,,,indaweb.it,info@indaweb.it,,0,,True,False,HARD_BLOCK_DUPLICATE,CORPORATE_DOMAIN_ALREADY_CONTACTED; EXACT_EMAIL_ALREADY_CONTACTED; ORGANIZATION_ALREADY_CONTACTED,2026-09-07T14:42:28Z
Juno Lab SRL,OTHER,Italy,Unresolved,,,junolab.it,jobs@junolab.it,,0,,True,False,HARD_BLOCK_DUPLICATE,CORPORATE_DOMAIN_ALREADY_CONTACTED; EXACT_EMAIL_ALREADY_CONTACTED; ORGANIZATION_ALREADY_CONTACTED,2026-09-02T06:58:10Z
Kiosk Digital,OTHER,Italy,Unresolved,,,kioskdigital.it,info@kioskdigital.it,,0,,True,False,HARD_BLOCK_DUPLICATE,CORPORATE_DOMAIN_ALREADY_CONTACTED; EXACT_EMAIL_ALREADY_CONTACTED; ORGANIZATION_ALREADY_CONTACTED,2026-09-11T07:03:47Z
Lucasweb,OTHER,Italy,Unresolved,,,lucasweb.it,job@lucasweb.it,,0,,True,False,HARD_BLOCK_DUPLICATE,CORPORATE_DOMAIN_ALREADY_CONTACTED; EXACT_EMAIL_ALREADY_CONTACTED; ORGANIZATION_ALREADY_CONTACTED,2026-09-08T07:37:02Z
MEDIAIMMAGINE,OTHER,Italy,Unresolved,,,mediaimmagine.it,frontoffice@mediaimmagine.it,,0,,True,False,HARD_BLOCK_DUPLICATE,CORPORATE_DOMAIN_ALREADY_CONTACTED; EXACT_EMAIL_ALREADY_CONTACTED; ORGANIZATION_ALREADY_CONTACTED,2026-09-14T15:37:57Z
MSZLAB,OTHER,Italy,Unresolved,,,mszlab.it,jobs@mszlab.it,,0,,True,False,HARD_BLOCK_DUPLICATE,CORPORATE_DOMAIN_ALREADY_CONTACTED; EXACT_EMAIL_ALREADY_CONTACTED; ORGANIZATION_ALREADY_CONTACTED,2026-09-08T08:07:15Z
MyCompany,OTHER,Italy,Unresolved,,,mycomp.it,jobs@mycomp.it,,0,,True,False,HARD_BLOCK_DUPLICATE,CORPORATE_DOMAIN_ALREADY_CONTACTED; EXACT_EMAIL_ALREADY_CONTACTED; ORGANIZATION_ALREADY_CONTACTED,2026-09-30T14:55:36Z
OS2,OTHER,Italy,Unresolved,,,os2.it,jobs@os2.it,,0,,True,False,HARD_BLOCK_DUPLICATE,CORPORATE_DOMAIN_ALREADY_CONTACTED; EXACT_EMAIL_ALREADY_CONTACTED; ORGANIZATION_ALREADY_CONTACTED,2026-09-09T10:07:30Z
PlayMore,OTHER,Italy,Unresolved,,,playmore.it,jobs@playmore.it,,0,,True,False,HARD_BLOCK_DUPLICATE,CORPORATE_DOMAIN_ALREADY_CONTACTED; EXACT_EMAIL_ALREADY_CONTACTED; ORGANIZATION_ALREADY_CONTACTED,2026-09-09T10:07:07Z
Sembox,OTHER,Italy,Unresolved,,,sembox.it,info@sembox.it,,0,,True,False,HARD_BLOCK_DUPLICATE,CORPORATE_DOMAIN_ALREADY_CONTACTED; EXACT_EMAIL_ALREADY_CONTACTED; ORGANIZATION_ALREADY_CONTACTED,2026-09-08T09:35:52Z
Studio Atelièr,OTHER,Italy,Unresolved,,,studioatelier.it,direzione@studioatelier.it,,0,,True,False,HARD_BLOCK_DUPLICATE,CORPORATE_DOMAIN_ALREADY_CONTACTED; EXACT_EMAIL_ALREADY_CONTACTED; ORGANIZATION_ALREADY_CONTACTED,2026-09-14T13:53:40Z
Teamsy,OTHER,Italy,Unresolved,,,teamsy.it,info@teamsy.it,,0,,True,False,HARD_BLOCK_DUPLICATE,CORPORATE_DOMAIN_ALREADY_CONTACTED; EXACT_EMAIL_ALREADY_CONTACTED; ORGANIZATION_ALREADY_CONTACTED,2026-09-10T15:35:36Z
TurboBit IT Solutions,OTHER,Italy,Unresolved,,,turbobit.it,info@turbobit.it,,0,,True,False,HARD_BLOCK_DUPLICATE,CORPORATE_DOMAIN_ALREADY_CONTACTED; EXACT_EMAIL_ALREADY_CONTACTED; ORGANIZATION_ALREADY_CONTACTED,2026-09-07T15:34:13Z
Violetto Communication,OTHER,Italy,Unresolved,,,violettocommunication.it,amministrazione@violettocommunication.it,,0,,True,False,HARD_BLOCK_DUPLICATE,CORPORATE_DOMAIN_ALREADY_CONTACTED; EXACT_EMAIL_ALREADY_CONTACTED; ORGANIZATION_ALREADY_CONTACTED,2026-09-04T16:42:27Z
Witapp SRL,OTHER,Italy,Unresolved,,,witapp.it,candidature@witapp.it,,0,,True,False,HARD_BLOCK_DUPLICATE,EXACT_EMAIL_ALREADY_CONTACTED; ORGANIZATION_ALREADY_CONTACTED,2026-09-05T10:09:09Z
alessandromatta.it,OTHER,Italy,Unresolved,,,alessandromatta.it,ale@alessandromatta.it,,0,,True,False,HARD_BLOCK_DUPLICATE,CORPORATE_DOMAIN_ALREADY_CONTACTED; EXACT_EMAIL_ALREADY_CONTACTED; ORGANIZATION_ALREADY_CONTACTED,2026-10-05T11:51:03Z
americomunicazione.it,OTHER,Italy,Unresolved,,,americomunicazione.it,info@americomunicazione.it,,0,,True,False,HARD_BLOCK_DUPLICATE,CORPORATE_DOMAIN_ALREADY_CONTACTED; EXACT_EMAIL_ALREADY_CONTACTED; ORGANIZATION_ALREADY_CONTACTED,2026-09-24T09:34:41Z
azionedigital.it,OTHER,Italy,Unresolved,,,azionedigital.it,info@azionedigital.it,,0,,True,False,HARD_BLOCK_DUPLICATE,CORPORATE_DOMAIN_ALREADY_CONTACTED; EXACT_EMAIL_ALREADY_CONTACTED; ORGANIZATION_ALREADY_CONTACTED,2026-10-02T11:57:38Z
blazemedia.it,OTHER,Italy,Unresolved,,,blazemedia.it,jobs@blazemedia.it,,0,,True,False,HARD_BLOCK_DUPLICATE,CORPORATE_DOMAIN_ALREADY_CONTACTED; EXACT_EMAIL_ALREADY_CONTACTED; ORGANIZATION_ALREADY_CONTACTED,2026-10-02T17:52:06Z
creative.it,OTHER,Italy,Unresolved,,,creative.it,francesco.pizzi@creative.it,,0,,True,False,HARD_BLOCK_DUPLICATE,CORPORATE_DOMAIN_ALREADY_CONTACTED; EXACT_EMAIL_ALREADY_CONTACTED; ORGANIZATION_ALREADY_CONTACTED,2026-09-28T10:47:22Z
dbagenzieitalia.it,OTHER,Italy,Unresolved,,,dbagenzieitalia.it,info@dbagenzieitalia.it,,0,,True,False,HARD_BLOCK_DUPLICATE,CORPORATE_DOMAIN_ALREADY_CONTACTED; EXACT_EMAIL_ALREADY_CONTACTED; ORGANIZATION_ALREADY_CONTACTED,2026-10-05T11:50:47Z
doagency.it,OTHER,Italy,Unresolved,,,doagency.it,info@doagency.it,,0,,True,False,HARD_BLOCK_DUPLICATE,CORPORATE_DOMAIN_ALREADY_CONTACTED; EXACT_EMAIL_ALREADY_CONTACTED; ORGANIZATION_ALREADY_CONTACTED,2026-09-24T12:32:27Z
e-sintesi.it,OTHER,Italy,Unresolved,,,e-sintesi.it,info@e-sintesi.it,,0,,True,False,HARD_BLOCK_DUPLICATE,CORPORATE_DOMAIN_ALREADY_CONTACTED; EXACT_EMAIL_ALREADY_CONTACTED; ORGANIZATION_ALREADY_CONTACTED,2026-09-22T16:04:13Z
easydigitalagency.it,OTHER,Italy,Unresolved,,,easydigitalagency.it,info@easydigitalagency.it,,0,,True,False,HARD_BLOCK_DUPLICATE,CORPORATE_DOMAIN_ALREADY_CONTACTED; EXACT_EMAIL_ALREADY_CONTACTED; ORGANIZATION_ALREADY_CONTACTED,2026-10-05T13:31:36Z
ebridgegroup.it,OTHER,Italy,Unresolved,,,ebridgegroup.it,info@ebridgegroup.it,,0,,True,False,HARD_BLOCK_DUPLICATE,CORPORATE_DOMAIN_ALREADY_CONTACTED; EXACT_EMAIL_ALREADY_CONTACTED; ORGANIZATION_ALREADY_CONTACTED,2026-10-02T17:55:22Z
giuseppecastagna.it,OTHER,Italy,Unresolved,,,giuseppecastagna.it,elisa@giuseppecastagna.it,,0,,True,False,HARD_BLOCK_DUPLICATE,CORPORATE_DOMAIN_ALREADY_CONTACTED,2026-09-23T13:06:31Z
gogodigital.it,OTHER,Italy,Unresolved,,,gogodigital.it,info@gogodigital.it,,0,,True,False,HARD_BLOCK_DUPLICATE,CORPORATE_DOMAIN_ALREADY_CONTACTED; EXACT_EMAIL_ALREADY_CONTACTED; ORGANIZATION_ALREADY_CONTACTED,2026-10-05T11:51:13Z
graficaisernina.it,OTHER,Italy,Unresolved,,,graficaisernina.it,amministrazione@graficaisernina.it,,0,,True,False,HARD_BLOCK_DUPLICATE,CORPORATE_DOMAIN_ALREADY_CONTACTED; EXACT_EMAIL_ALREADY_CONTACTED; ORGANIZATION_ALREADY_CONTACTED,2026-10-03T16:09:49Z
hardgroup.it,OTHER,Italy,Unresolved,,,hardgroup.it,info@hardgroup.it,,0,,True,False,HARD_BLOCK_DUPLICATE,CORPORATE_DOMAIN_ALREADY_CONTACTED; EXACT_EMAIL_ALREADY_CONTACTED; ORGANIZATION_ALREADY_CONTACTED,2026-09-22T12:37:14Z
infoconnect.it,OTHER,Italy,Unresolved,,,infoconnect.it,hr@infoconnect.it,,0,,True,False,HARD_BLOCK_DUPLICATE,CORPORATE_DOMAIN_ALREADY_CONTACTED; EXACT_EMAIL_ALREADY_CONTACTED; ORGANIZATION_ALREADY_CONTACTED,2026-10-02T17:51:58Z
innovonline.it,OTHER,Italy,Unresolved,,,innovonline.it,info@innovonline.it,,0,,True,False,HARD_BLOCK_DUPLICATE,CORPORATE_DOMAIN_ALREADY_CONTACTED; EXACT_EMAIL_ALREADY_CONTACTED; ORGANIZATION_ALREADY_CONTACTED,2026-10-04T11:05:34Z
introvertical.it,OTHER,Italy,Unresolved,,,introvertical.it,info@introvertical.it,,0,,True,False,HARD_BLOCK_DUPLICATE,CORPORATE_DOMAIN_ALREADY_CONTACTED; EXACT_EMAIL_ALREADY_CONTACTED; ORGANIZATION_ALREADY_CONTACTED,2026-09-22T07:34:12Z
kurema.it,OTHER,Italy,Unresolved,,,kurema.it,hello@kurema.it,,0,,True,False,HARD_BLOCK_DUPLICATE,CORPORATE_DOMAIN_ALREADY_CONTACTED; EXACT_EMAIL_ALREADY_CONTACTED; ORGANIZATION_ALREADY_CONTACTED,2026-10-02T17:52:02Z
lewk.it,OTHER,Italy,Unresolved,,,lewk.it,info@lewk.it,,0,,True,False,HARD_BLOCK_DUPLICATE,CORPORATE_DOMAIN_ALREADY_CONTACTED; EXACT_EMAIL_ALREADY_CONTACTED; ORGANIZATION_ALREADY_CONTACTED,2026-10-05T11:50:50Z
methlab.it,OTHER,Italy,Unresolved,,,methlab.it,info@methlab.it,,0,,True,False,HARD_BLOCK_DUPLICATE,CORPORATE_DOMAIN_ALREADY_CONTACTED; EXACT_EMAIL_ALREADY_CONTACTED; ORGANIZATION_ALREADY_CONTACTED,2026-09-24T09:35:00Z
neiko.it,OTHER,Italy,Unresolved,,,neiko.it,job@neiko.it,,0,,True,False,HARD_BLOCK_DUPLICATE,CORPORATE_DOMAIN_ALREADY_CONTACTED; EXACT_EMAIL_ALREADY_CONTACTED; ORGANIZATION_ALREADY_CONTACTED,2026-09-22T07:02:35Z
profisnet.it,OTHER,Italy,Unresolved,,,profisnet.it,info@profisnet.it,,0,,True,False,HARD_BLOCK_DUPLICATE,CORPORATE_DOMAIN_ALREADY_CONTACTED; EXACT_EMAIL_ALREADY_CONTACTED; ORGANIZATION_ALREADY_CONTACTED,2026-10-02T17:55:18Z
serendipitysrl.it,OTHER,Italy,Unresolved,,,serendipitysrl.it,info@serendipitysrl.it,,0,,True,False,HARD_BLOCK_DUPLICATE,CORPORATE_DOMAIN_ALREADY_CONTACTED; EXACT_EMAIL_ALREADY_CONTACTED; ORGANIZATION_ALREADY_CONTACTED,2026-10-02T17:55:26Z
sitowebsubito.it,OTHER,Italy,Unresolved,,,sitowebsubito.it,info@sitowebsubito.it,,0,,True,False,HARD_BLOCK_DUPLICATE,CORPORATE_DOMAIN_ALREADY_CONTACTED; EXACT_EMAIL_ALREADY_CONTACTED; ORGANIZATION_ALREADY_CONTACTED,2026-09-22T11:34:03Z
trizero.it,OTHER,Italy,Unresolved,,,trizero.it,job@trizero.it,,0,,True,False,HARD_BLOCK_DUPLICATE,CORPORATE_DOMAIN_ALREADY_CONTACTED; EXACT_EMAIL_ALREADY_CONTACTED; ORGANIZATION_ALREADY_CONTACTED,2026-09-23T07:06:44Z
understack.it,OTHER,Italy,Unresolved,,,understack.it,it@understack.it,,0,,True,False,HARD_BLOCK_DUPLICATE,CONTACTED_STATE_FROM_COMPANY_PROJECTION,2026-09-30T18:11:16Z
weboom.it,OTHER,Italy,Unresolved,,,weboom.it,cv@weboom.it,,0,,True,False,HARD_BLOCK_DUPLICATE,EXACT_EMAIL_ALREADY_CONTACTED; ORGANIZATION_ALREADY_CONTACTED,2026-10-05T11:51:11Z
wmr.it,OTHER,Italy,Unresolved,,,wmr.it,adviva@wmr.it,,0,,True,False,HARD_BLOCK_DUPLICATE,EXACT_EMAIL_ALREADY_CONTACTED; ORGANIZATION_ALREADY_CONTACTED,2026-10-02T11:57:40Z
Enigmia,OTHER,Spain,Unresolved,,,enigmia.es,info@enigmia.es,,0,,True,False,HARD_BLOCK_DUPLICATE,CORPORATE_DOMAIN_ALREADY_CONTACTED; EXACT_EMAIL_ALREADY_CONTACTED; ORGANIZATION_ALREADY_CONTACTED,2026-09-07T14:59:32Z
SER o no SER,OTHER,Spain,Unresolved,,,snsmarketing.es,cv@snsmarketing.es,,0,,True,False,HARD_BLOCK_DUPLICATE,CORPORATE_DOMAIN_ALREADY_CONTACTED; EXACT_EMAIL_ALREADY_CONTACTED; ORGANIZATION_ALREADY_CONTACTED,2026-09-14T07:37:23Z
Sixtema,OTHER,Spain,Unresolved,,,sixtema.es,rrhh@sixtema.es,,0,,True,False,HARD_BLOCK_DUPLICATE,CORPORATE_DOMAIN_ALREADY_CONTACTED; EXACT_EMAIL_ALREADY_CONTACTED; ORGANIZATION_ALREADY_CONTACTED,2026-09-09T14:34:52Z
brantadesarrollo.es,OTHER,Spain,Unresolved,,,brantadesarrollo.es,info@brantadesarrollo.es,,0,,True,False,HARD_BLOCK_DUPLICATE,CORPORATE_DOMAIN_ALREADY_CONTACTED; EXACT_EMAIL_ALREADY_CONTACTED; ORGANIZATION_ALREADY_CONTACTED,2026-09-24T15:33:25Z
elementsdigital.es,OTHER,Spain,Unresolved,,,elementsdigital.es,hola@elementsdigital.es,,0,,True,False,HARD_BLOCK_DUPLICATE,CORPORATE_DOMAIN_ALREADY_CONTACTED; EXACT_EMAIL_ALREADY_CONTACTED; ORGANIZATION_ALREADY_CONTACTED,2026-09-23T07:32:25Z
kapak.es,OTHER,Spain,Unresolved,,,kapak.es,info@kapak.es,,0,,True,False,HARD_BLOCK_DUPLICATE,CORPORATE_DOMAIN_ALREADY_CONTACTED; EXACT_EMAIL_ALREADY_CONTACTED; ORGANIZATION_ALREADY_CONTACTED,2026-09-23T07:33:17Z
kromagency.es,OTHER,Spain,Unresolved,,,kromagency.es,postulantes@kromagency.es,,0,,True,False,HARD_BLOCK_DUPLICATE,CORPORATE_DOMAIN_ALREADY_CONTACTED; EXACT_EMAIL_ALREADY_CONTACTED; ORGANIZATION_ALREADY_CONTACTED,2026-10-02T11:57:35Z
ludusmagnus.es,OTHER,Spain,Unresolved,,,ludusmagnus.es,info@ludusmagnus.es,,0,,True,False,HARD_BLOCK_DUPLICATE,CORPORATE_DOMAIN_ALREADY_CONTACTED; EXACT_EMAIL_ALREADY_CONTACTED; ORGANIZATION_ALREADY_CONTACTED,2026-09-23T07:32:45Z
prontopro.es,OTHER,Spain,Unresolved,,,prontopro.es,support@prontopro.es,,0,,True,False,HARD_BLOCK_DUPLICATE,CORPORATE_DOMAIN_ALREADY_CONTACTED; EXACT_EMAIL_ALREADY_CONTACTED; ORGANIZATION_ALREADY_CONTACTED,2026-10-05T13:31:46Z
umangroup.es,OTHER,Spain,Unresolved,,,umangroup.es,contacto@umangroup.es,,0,,True,False,HARD_BLOCK_DUPLICATE,CORPORATE_DOMAIN_ALREADY_CONTACTED; EXACT_EMAIL_ALREADY_CONTACTED; ORGANIZATION_ALREADY_CONTACTED,2026-10-02T11:57:45Z
zabala.es,OTHER,Spain,Unresolved,,,zabala.es,info@zabala.es,,0,,True,False,HARD_BLOCK_DUPLICATE,CORPORATE_DOMAIN_ALREADY_CONTACTED; EXACT_EMAIL_ALREADY_CONTACTED; ORGANIZATION_ALREADY_CONTACTED,2026-09-24T15:33:34Z
zudro.es,OTHER,Spain,Unresolved,,,zudro.es,hola@zudro.es,,0,,True,False,HARD_BLOCK_DUPLICATE,CORPORATE_DOMAIN_ALREADY_CONTACTED; EXACT_EMAIL_ALREADY_CONTACTED; ORGANIZATION_ALREADY_CONTACTED,2026-10-02T11:57:43Z
3dwasp.com,OTHER,Unknown,Unresolved,,,3dwasp.com,info@3dwasp.com,,0,,True,False,HARD_BLOCK_DUPLICATE,CORPORATE_DOMAIN_ALREADY_CONTACTED; EXACT_EMAIL_ALREADY_CONTACTED; ORGANIZATION_ALREADY_CONTACTED,2026-09-04T17:05:24Z
Agomir,OTHER,Unknown,Unresolved,,,agomir.com,marketing@agomir.com,,0,,True,False,HARD_BLOCK_DUPLICATE,CORPORATE_DOMAIN_ALREADY_CONTACTED; EXACT_EMAIL_ALREADY_CONTACTED; ORGANIZATION_ALREADY_CONTACTED,2026-09-09T08:36:46Z
Alterego Web,OTHER,Unknown,Unresolved,,,alteregoweb.com,info@alteregoweb.com,,0,,True,False,HARD_BLOCK_DUPLICATE,CORPORATE_DOMAIN_ALREADY_CONTACTED; EXACT_EMAIL_ALREADY_CONTACTED; ORGANIZATION_ALREADY_CONTACTED,2026-09-10T16:36:46Z
BAVEON,OTHER,Unknown,Unresolved,,,baveon.com,careers@baveon.com,,0,,True,False,HARD_BLOCK_DUPLICATE,CORPORATE_DOMAIN_ALREADY_CONTACTED; EXACT_EMAIL_ALREADY_CONTACTED; ORGANIZATION_ALREADY_CONTACTED,2026-09-09T11:38:01Z
Clover Labs,OTHER,Unknown,Unresolved,,,cloverlabs.io,jobs@cloverlabs.io,,0,,True,False,HARD_BLOCK_DUPLICATE,CORPORATE_DOMAIN_ALREADY_CONTACTED; EXACT_EMAIL_ALREADY_CONTACTED; ORGANIZATION_ALREADY_CONTACTED,2026-09-12T07:04:47Z
CodeBiosis,OTHER,Unknown,Unresolved,,,codebiosis.com,contact@codebiosis.com,,0,,True,False,HARD_BLOCK_DUPLICATE,CORPORATE_DOMAIN_ALREADY_CONTACTED; EXACT_EMAIL_ALREADY_CONTACTED; ORGANIZATION_ALREADY_CONTACTED,2026-09-14T07:11:50Z
ConcorsiLetterari.net,OTHER,Unknown,Unresolved,,,concorsiletterari.net,info@concorsiletterari.net,,0,,True,False,HARD_BLOCK_DUPLICATE,CORPORATE_DOMAIN_ALREADY_CONTACTED; EXACT_EMAIL_ALREADY_CONTACTED; ORGANIZATION_ALREADY_CONTACTED,2026-09-07T16:33:00Z
Cosmotech,OTHER,Unknown,Unresolved,,,cosmotech.no,careers@cosmotech.no,,0,,True,False,HARD_BLOCK_DUPLICATE,CORPORATE_DOMAIN_ALREADY_CONTACTED; EXACT_EMAIL_ALREADY_CONTACTED; ORGANIZATION_ALREADY_CONTACTED,2026-09-12T09:06:19Z
CreateX,OTHER,Unknown,Unresolved,,,createx.bg,career@createx.bg,,0,,True,False,HARD_BLOCK_DUPLICATE,CORPORATE_DOMAIN_ALREADY_CONTACTED; EXACT_EMAIL_ALREADY_CONTACTED; ORGANIZATION_ALREADY_CONTACTED,2026-09-09T07:04:16Z
Creative Kollective,OTHER,Unknown,Unresolved,,,creativekollective.agency,info@creativekollective.agency,,0,,True,False,HARD_BLOCK_DUPLICATE,CORPORATE_DOMAIN_ALREADY_CONTACTED; EXACT_EMAIL_ALREADY_CONTACTED; ORGANIZATION_ALREADY_CONTACTED,2026-09-09T13:34:26Z
DevXpire,OTHER,Unknown,Unresolved,,,devxpire.com,hiring@devxpire.com,,0,,True,False,HARD_BLOCK_DUPLICATE,CORPORATE_DOMAIN_ALREADY_CONTACTED; EXACT_EMAIL_ALREADY_CONTACTED; ORGANIZATION_ALREADY_CONTACTED,2026-09-06T12:50:59Z
Digimates,OTHER,Unknown,Unresolved,,,gmail.com,digimatesint@gmail.com,,0,,True,False,HARD_BLOCK_DUPLICATE,EXACT_EMAIL_ALREADY_CONTACTED; ORGANIZATION_ALREADY_CONTACTED,2026-09-08T12:12:26Z
Digital Roots Media,OTHER,Unknown,Unresolved,,,digitalrootsmedia.com,careers@digitalrootsmedia.com,,0,,True,False,HARD_BLOCK_DUPLICATE,CORPORATE_DOMAIN_ALREADY_CONTACTED; EXACT_EMAIL_ALREADY_CONTACTED; ORGANIZATION_ALREADY_CONTACTED,2026-09-09T12:09:41Z
Digitally.lt,OTHER,Unknown,Unresolved,,,digitally.lt,hello@digitally.lt,,0,,True,False,HARD_BLOCK_DUPLICATE,CORPORATE_DOMAIN_ALREADY_CONTACTED; EXACT_EMAIL_ALREADY_CONTACTED; ORGANIZATION_ALREADY_CONTACTED,2026-09-14T07:21:37Z
Diwar Marketing,OTHER,Unknown,Unresolved,,,diwarmarketing.com,adrian@diwarmarketing.com,,0,,True,False,HARD_BLOCK_DUPLICATE,CORPORATE_DOMAIN_ALREADY_CONTACTED; EXACT_EMAIL_ALREADY_CONTACTED; ORGANIZATION_ALREADY_CONTACTED,2026-09-09T15:38:36Z
EuroAquaTours,OTHER,Unknown,Unresolved,,,euroaquatours.com,info@euroaquatours.com,,0,,True,False,HARD_BLOCK_DUPLICATE,CORPORATE_DOMAIN_ALREADY_CONTACTED; EXACT_EMAIL_ALREADY_CONTACTED; ORGANIZATION_ALREADY_CONTACTED,2026-09-08T08:35:54Z
Expand-Raise,OTHER,Unknown,Unresolved,,,expand-raise.com,info@expand-raise.com,,0,,True,False,HARD_BLOCK_DUPLICATE,CORPORATE_DOMAIN_ALREADY_CONTACTED; EXACT_EMAIL_ALREADY_CONTACTED; ORGANIZATION_ALREADY_CONTACTED,2026-09-06T11:45:14Z
FF Informática y Comunicación,OTHER,Unknown,Unresolved,,,ffinformaticaycomunicacion.com,hola@ffinformaticaycomunicacion.com,,0,,True,False,HARD_BLOCK_DUPLICATE,CORPORATE_DOMAIN_ALREADY_CONTACTED; EXACT_EMAIL_ALREADY_CONTACTED; ORGANIZATION_ALREADY_CONTACTED,2026-09-08T12:37:05Z
GrandWorks,OTHER,Unknown,Unresolved,,,grandworks.co,hello@grandworks.co,,0,,True,False,HARD_BLOCK_DUPLICATE,CORPORATE_DOMAIN_ALREADY_CONTACTED; EXACT_EMAIL_ALREADY_CONTACTED; ORGANIZATION_ALREADY_CONTACTED,2026-09-08T09:06:47Z
Herdl,OTHER,Unknown,Unresolved,,,herdl.com,careers@herdl.com,,0,,True,False,HARD_BLOCK_DUPLICATE,CORPORATE_DOMAIN_ALREADY_CONTACTED; EXACT_EMAIL_ALREADY_CONTACTED; ORGANIZATION_ALREADY_CONTACTED,2026-09-08T10:03:01Z
Ingenio Virtual,OTHER,Unknown,Unresolved,,,ingeniovirtual.com,info@ingeniovirtual.com,,0,,True,False,HARD_BLOCK_DUPLICATE,CORPORATE_DOMAIN_ALREADY_CONTACTED; EXACT_EMAIL_ALREADY_CONTACTED; ORGANIZATION_ALREADY_CONTACTED,2026-09-10T16:36:07Z
Innovio,OTHER,Unknown,Unresolved,,,innovio.co.uk,hello@innovio.co.uk,,0,,True,False,HARD_BLOCK_DUPLICATE,CORPORATE_DOMAIN_ALREADY_CONTACTED; EXACT_EMAIL_ALREADY_CONTACTED; ORGANIZATION_ALREADY_CONTACTED,2026-09-09T13:34:21Z
Jory&Co,OTHER,Unknown,Unresolved,,,joryand.co,jobs@joryand.co,,0,,True,False,HARD_BLOCK_DUPLICATE,CORPORATE_DOMAIN_ALREADY_CONTACTED; EXACT_EMAIL_ALREADY_CONTACTED; ORGANIZATION_ALREADY_CONTACTED,2026-09-10T15:02:06Z
Le Farweb,OTHER,Unknown,Unresolved,,,lefarweb.be,info@lefarweb.be,,0,,True,False,HARD_BLOCK_DUPLICATE,CORPORATE_DOMAIN_ALREADY_CONTACTED; EXACT_EMAIL_ALREADY_CONTACTED; ORGANIZATION_ALREADY_CONTACTED,2026-09-10T12:36:59Z
Literal Studio,OTHER,Unknown,Unresolved,,,literal.studio,mar@literal.studio,,0,,True,False,HARD_BLOCK_DUPLICATE,CORPORATE_DOMAIN_ALREADY_CONTACTED; EXACT_EMAIL_ALREADY_CONTACTED; ORGANIZATION_ALREADY_CONTACTED,2026-09-14T14:41:24Z
Madeo Media,OTHER,Unknown,Unresolved,,,madeomedia.com,hiring@madeomedia.com,,0,,True,False,HARD_BLOCK_DUPLICATE,CORPORATE_DOMAIN_ALREADY_CONTACTED; EXACT_EMAIL_ALREADY_CONTACTED; ORGANIZATION_ALREADY_CONTACTED,2026-09-09T07:33:49Z
McAnderson Institute,OTHER,Unknown,Unresolved,,,mcandersoninstitute.tech,info@mcandersoninstitute.tech,,0,,True,False,HARD_BLOCK_DUPLICATE,CORPORATE_DOMAIN_ALREADY_CONTACTED; EXACT_EMAIL_ALREADY_CONTACTED; ORGANIZATION_ALREADY_CONTACTED,2026-09-09T13:05:52Z
Morphuse Digital,OTHER,Unknown,Unresolved,,,morphuse.com,contact@morphuse.com,,0,,True,False,HARD_BLOCK_DUPLICATE,CORPORATE_DOMAIN_ALREADY_CONTACTED; EXACT_EMAIL_ALREADY_CONTACTED; ORGANIZATION_ALREADY_CONTACTED,2026-09-08T14:39:26Z
Mutart,OTHER,Unknown,Unresolved,,,mutart.eu,work@mutart.eu,,0,,True,False,HARD_BLOCK_DUPLICATE,CORPORATE_DOMAIN_ALREADY_CONTACTED; EXACT_EMAIL_ALREADY_CONTACTED; ORGANIZATION_ALREADY_CONTACTED,2026-09-05T07:43:24Z
Muza Studio,OTHER,Unknown,Unresolved,,,muzastudio.com,job@muzastudio.com,,0,,True,False,HARD_BLOCK_DUPLICATE,CORPORATE_DOMAIN_ALREADY_CONTACTED; EXACT_EMAIL_ALREADY_CONTACTED; ORGANIZATION_ALREADY_CONTACTED,2026-09-08T10:03:11Z
NEV Assistance,OTHER,Unknown,Unresolved,,,nevassistance.com,info@nevassistance.com,,0,,True,False,HARD_BLOCK_DUPLICATE,CORPORATE_DOMAIN_ALREADY_CONTACTED; EXACT_EMAIL_ALREADY_CONTACTED; ORGANIZATION_ALREADY_CONTACTED,2026-09-08T16:04:49Z
NITACO,OTHER,Unknown,Unresolved,,,nitanet.net,info@nitanet.net,,0,,True,False,HARD_BLOCK_DUPLICATE,CORPORATE_DOMAIN_ALREADY_CONTACTED; EXACT_EMAIL_ALREADY_CONTACTED; ORGANIZATION_ALREADY_CONTACTED,2026-09-09T09:10:25Z
Nexus Web & Software,OTHER,Unknown,Unresolved,,,nexuswebsoftware.com,careers@nexuswebsoftware.com,,0,,True,False,HARD_BLOCK_DUPLICATE,CORPORATE_DOMAIN_ALREADY_CONTACTED; EXACT_EMAIL_ALREADY_CONTACTED; ORGANIZATION_ALREADY_CONTACTED,2026-09-08T09:05:12Z
OpenResearch,OTHER,Unknown,Unresolved,,,openresearch.com,jobs@openresearch.com,,0,,True,False,HARD_BLOCK_DUPLICATE,CORPORATE_DOMAIN_ALREADY_CONTACTED; EXACT_EMAIL_ALREADY_CONTACTED; ORGANIZATION_ALREADY_CONTACTED,2026-09-09T11:35:49Z
Outpace SEO,OTHER,Unknown,Unresolved,,,outpaceseo.com,hr@outpaceseo.com,,0,,True,False,HARD_BLOCK_DUPLICATE,CORPORATE_DOMAIN_ALREADY_CONTACTED; EXACT_EMAIL_ALREADY_CONTACTED; ORGANIZATION_ALREADY_CONTACTED,2026-09-09T15:05:14Z
PTBI,OTHER,Unknown,Unresolved,,,ptbi.org.pl,mjdabrowski@ptbi.org.pl,,0,,True,False,HARD_BLOCK_DUPLICATE,CONTACTED_STATE_FROM_COMPANY_PROJECTION,2026-09-09T14:33:11Z
Pearl Point Design,OTHER,Unknown,Unresolved,,,pearlpointdesign.com,job@pearlpointdesign.com,,0,,True,False,HARD_BLOCK_DUPLICATE,CORPORATE_DOMAIN_ALREADY_CONTACTED; EXACT_EMAIL_ALREADY_CONTACTED; ORGANIZATION_ALREADY_CONTACTED,2026-09-09T15:06:04Z
Pladinum,OTHER,Unknown,Unresolved,,,pladinum.com,careers@pladinum.com,,0,,True,False,HARD_BLOCK_DUPLICATE,CORPORATE_DOMAIN_ALREADY_CONTACTED; EXACT_EMAIL_ALREADY_CONTACTED; ORGANIZATION_ALREADY_CONTACTED,2026-09-09T15:05:42Z
Publydea Comunicación,OTHER,Unknown,Unresolved,,,publydea.com,trabajo@publydea.com,,0,,True,False,HARD_BLOCK_DUPLICATE,CORPORATE_DOMAIN_ALREADY_CONTACTED; EXACT_EMAIL_ALREADY_CONTACTED; ORGANIZATION_ALREADY_CONTACTED,2026-09-04T16:16:35Z
Páginas Web Valencia,OTHER,Unknown,Unresolved,,,paginaswebvalencia.eu,info@paginaswebvalencia.eu,,0,,True,False,HARD_BLOCK_DUPLICATE,CORPORATE_DOMAIN_ALREADY_CONTACTED; EXACT_EMAIL_ALREADY_CONTACTED; ORGANIZATION_ALREADY_CONTACTED,2026-09-04T04:57:14Z
Raincross,OTHER,Unknown,Unresolved,,,raincross.com,careers@raincross.com,,0,,True,False,HARD_BLOCK_DUPLICATE,CORPORATE_DOMAIN_ALREADY_CONTACTED; EXACT_EMAIL_ALREADY_CONTACTED; ORGANIZATION_ALREADY_CONTACTED,2026-09-14T14:26:25Z
Retorica,OTHER,Unknown,Unresolved,,,retorica.net,job@retorica.net,,0,,True,False,HARD_BLOCK_DUPLICATE,CORPORATE_DOMAIN_ALREADY_CONTACTED; EXACT_EMAIL_ALREADY_CONTACTED; ORGANIZATION_ALREADY_CONTACTED,2026-09-09T13:33:44Z
SEO Boss,OTHER,Unknown,Unresolved,,,seoboss.org,info@seoboss.org,,0,,True,False,HARD_BLOCK_DUPLICATE,CORPORATE_DOMAIN_ALREADY_CONTACTED; EXACT_EMAIL_ALREADY_CONTACTED; ORGANIZATION_ALREADY_CONTACTED,2026-09-09T08:02:48Z
Salento Factory,OTHER,Unknown,Unresolved,,,salentofactory.com,info@salentofactory.com,,0,,True,False,HARD_BLOCK_DUPLICATE,CORPORATE_DOMAIN_ALREADY_CONTACTED; EXACT_EMAIL_ALREADY_CONTACTED; ORGANIZATION_ALREADY_CONTACTED,2026-09-14T07:39:10Z
Service Lab,OTHER,Unknown,Unresolved,,,service-lab.com,info@service-lab.com,,0,,True,False,HARD_BLOCK_DUPLICATE,CORPORATE_DOMAIN_ALREADY_CONTACTED; EXACT_EMAIL_ALREADY_CONTACTED; ORGANIZATION_ALREADY_CONTACTED,2026-09-08T11:33:34Z
Solbyte,OTHER,Unknown,Unresolved,,,solbyte.com,rrhh@solbyte.com,,0,,True,False,HARD_BLOCK_DUPLICATE,CORPORATE_DOMAIN_ALREADY_CONTACTED; EXACT_EMAIL_ALREADY_CONTACTED; ORGANIZATION_ALREADY_CONTACTED,2026-09-09T16:02:27Z
SparkEXP,OTHER,Unknown,Unresolved,,,sparkexp.com,careers@sparkexp.com,,0,,True,False,HARD_BLOCK_DUPLICATE,CORPORATE_DOMAIN_ALREADY_CONTACTED; EXACT_EMAIL_ALREADY_CONTACTED; ORGANIZATION_ALREADY_CONTACTED,2026-09-09T16:39:29Z
Studio Magnani,OTHER,Unknown,Unresolved,,,studiomagnani.eu,careers@studiomagnani.eu,,0,,True,False,HARD_BLOCK_DUPLICATE,CORPORATE_DOMAIN_ALREADY_CONTACTED; EXACT_EMAIL_ALREADY_CONTACTED; ORGANIZATION_ALREADY_CONTACTED,2026-09-08T15:34:02Z
TIF Agency,OTHER,Unknown,Unresolved,,,tif.agency,candidature@tif.agency; info@tif.agency,,0,,True,False,HARD_BLOCK_DUPLICATE,CORPORATE_DOMAIN_ALREADY_CONTACTED; EXACT_EMAIL_ALREADY_CONTACTED; ORGANIZATION_ALREADY_CONTACTED,2026-09-14T08:08:12Z
TerraViva Competitions,OTHER,Unknown,Unresolved,,,terravivacompetitions.com,jobs@terravivacompetitions.com,,0,,True,False,HARD_BLOCK_DUPLICATE,CORPORATE_DOMAIN_ALREADY_CONTACTED; EXACT_EMAIL_ALREADY_CONTACTED; ORGANIZATION_ALREADY_CONTACTED,2026-09-14T07:15:30Z
The Visual Corner,OTHER,Unknown,Unresolved,,,thevisualcorner.net,info@thevisualcorner.net,,0,,True,False,HARD_BLOCK_DUPLICATE,CORPORATE_DOMAIN_ALREADY_CONTACTED; EXACT_EMAIL_ALREADY_CONTACTED; ORGANIZATION_ALREADY_CONTACTED,2026-09-04T08:16:23Z
The Workers,OTHER,Unknown,Unresolved,,,theworkers.net,margot@theworkers.net,,0,,True,False,HARD_BLOCK_DUPLICATE,CORPORATE_DOMAIN_ALREADY_CONTACTED; EXACT_EMAIL_ALREADY_CONTACTED; ORGANIZATION_ALREADY_CONTACTED,2026-09-09T09:36:29Z
WPXERO,OTHER,Unknown,Unresolved,,,gmail.com,getwpxero@gmail.com,,0,,True,False,HARD_BLOCK_DUPLICATE,EXACT_EMAIL_ALREADY_CONTACTED; ORGANIZATION_ALREADY_CONTACTED,2026-09-06T07:12:21Z
Web Design by Argo / Argo Business Solutions Srl,OTHER,Unknown,Unresolved,,,argobs.com,job@argobs.com,,0,,True,False,HARD_BLOCK_DUPLICATE,CORPORATE_DOMAIN_ALREADY_CONTACTED; EXACT_EMAIL_ALREADY_CONTACTED; ORGANIZATION_ALREADY_CONTACTED,2026-09-04T16:40:37Z
XTechAI,OTHER,Unknown,Unresolved,,,xtechai.eu,rrhh@xtechai.eu,,0,,True,False,HARD_BLOCK_DUPLICATE,CORPORATE_DOMAIN_ALREADY_CONTACTED; EXACT_EMAIL_ALREADY_CONTACTED; ORGANIZATION_ALREADY_CONTACTED,2026-09-12T07:03:23Z
Xhecom S.r.l.,OTHER,Unknown,Unresolved,,,xhecom.com,info@xhecom.com,,0,,True,False,HARD_BLOCK_DUPLICATE,CORPORATE_DOMAIN_ALREADY_CONTACTED; EXACT_EMAIL_ALREADY_CONTACTED; ORGANIZATION_ALREADY_CONTACTED,2026-09-12T08:02:43Z
Zenta Communication,OTHER,Unknown,Unresolved,,,zentacommunication.com,info@zentacommunication.com,,0,,True,False,HARD_BLOCK_DUPLICATE,CORPORATE_DOMAIN_ALREADY_CONTACTED; EXACT_EMAIL_ALREADY_CONTACTED; ORGANIZATION_ALREADY_CONTACTED,2026-09-14T16:39:32Z
accelopment.com,OTHER,Unknown,Unresolved,,,accelopment.com,info@accelopment.com,,0,,True,False,HARD_BLOCK_DUPLICATE,CORPORATE_DOMAIN_ALREADY_CONTACTED; EXACT_EMAIL_ALREADY_CONTACTED; ORGANIZATION_ALREADY_CONTACTED,2026-10-05T13:32:47Z
acentocomunicacion.com,OTHER,Unknown,Unresolved,,,acentocomunicacion.com,info@acentocomunicacion.com,,0,,True,False,HARD_BLOCK_DUPLICATE,CORPORATE_DOMAIN_ALREADY_CONTACTED; EXACT_EMAIL_ALREADY_CONTACTED; ORGANIZATION_ALREADY_CONTACTED,2026-09-22T12:41:29Z
aida.com.gr,OTHER,Unknown,Unresolved,,,aida.com.gr,info@aida.com.gr,,0,,True,False,HARD_BLOCK_DUPLICATE,CORPORATE_DOMAIN_ALREADY_CONTACTED; EXACT_EMAIL_ALREADY_CONTACTED; ORGANIZATION_ALREADY_CONTACTED,2026-09-23T08:37:11Z
alienor.eu,OTHER,Unknown,Unresolved,,,alienor.eu,info@alienor.eu,,0,,True,False,HARD_BLOCK_DUPLICATE,CORPORATE_DOMAIN_ALREADY_CONTACTED; EXACT_EMAIL_ALREADY_CONTACTED; ORGANIZATION_ALREADY_CONTACTED,2026-09-23T08:38:38Z
andd.one,OTHER,Unknown,Unresolved,,,andd.one,hello@andd.one,,0,,True,False,HARD_BLOCK_DUPLICATE,CORPORATE_DOMAIN_ALREADY_CONTACTED; EXACT_EMAIL_ALREADY_CONTACTED; ORGANIZATION_ALREADY_CONTACTED,2026-09-08T11:04:27Z
beingdigitals.com,OTHER,Unknown,Unresolved,,,beingdigitals.com,careers@beingdigitals.com,,0,,True,False,HARD_BLOCK_DUPLICATE,CORPORATE_DOMAIN_ALREADY_CONTACTED; EXACT_EMAIL_ALREADY_CONTACTED; ORGANIZATION_ALREADY_CONTACTED,2026-09-23T10:06:42Z
buddydevelopers.com,OTHER,Unknown,Unresolved,,,buddydevelopers.com,contact@buddydevelopers.com,,0,,True,False,HARD_BLOCK_DUPLICATE,CORPORATE_DOMAIN_ALREADY_CONTACTED; EXACT_EMAIL_ALREADY_CONTACTED; ORGANIZATION_ALREADY_CONTACTED,2026-09-24T07:08:02Z
cartabianca.com,OTHER,Unknown,Unresolved,,,cartabianca.com,info@cartabianca.com,,0,,True,False,HARD_BLOCK_DUPLICATE,CORPORATE_DOMAIN_ALREADY_CONTACTED; EXACT_EMAIL_ALREADY_CONTACTED; ORGANIZATION_ALREADY_CONTACTED,2026-09-22T14:35:34Z
cocosolution.com,OTHER,Unknown,Unresolved,,,cocosolution.com,asesor@cocosolution.com,,0,,True,False,HARD_BLOCK_DUPLICATE,CORPORATE_DOMAIN_ALREADY_CONTACTED; EXACT_EMAIL_ALREADY_CONTACTED; ORGANIZATION_ALREADY_CONTACTED,2026-10-05T11:51:00Z
dblshot.co,OTHER,Unknown,Unresolved,,,dblshot.co,clients@dblshot.co,,0,,True,False,HARD_BLOCK_DUPLICATE,CORPORATE_DOMAIN_ALREADY_CONTACTED; EXACT_EMAIL_ALREADY_CONTACTED; ORGANIZATION_ALREADY_CONTACTED,2026-09-24T11:08:16Z
develops.ar,OTHER,Unknown,Unresolved,,,develops.ar,talentos@develops.ar,,0,,True,False,HARD_BLOCK_DUPLICATE,CORPORATE_DOMAIN_ALREADY_CONTACTED; EXACT_EMAIL_ALREADY_CONTACTED; ORGANIZATION_ALREADY_CONTACTED,2026-09-24T09:04:05Z
digitalh.dev,OTHER,Unknown,Unresolved,,,digitalh.dev,partner@digitalh.dev,,0,,True,False,HARD_BLOCK_DUPLICATE,CORPORATE_DOMAIN_ALREADY_CONTACTED; EXACT_EMAIL_ALREADY_CONTACTED; ORGANIZATION_ALREADY_CONTACTED,2026-09-24T07:32:59Z
digitechinfosys.com,OTHER,Unknown,Unresolved,,,digitechinfosys.com,info@digitechinfosys.com,,0,,True,False,HARD_BLOCK_DUPLICATE,CORPORATE_DOMAIN_ALREADY_CONTACTED; EXACT_EMAIL_ALREADY_CONTACTED; ORGANIZATION_ALREADY_CONTACTED,2026-09-23T08:05:05Z
easylink.gr,OTHER,Unknown,Unresolved,,,easylink.gr,hr@easylink.gr,,0,,True,False,HARD_BLOCK_DUPLICATE,CORPORATE_DOMAIN_ALREADY_CONTACTED; EXACT_EMAIL_ALREADY_CONTACTED; ORGANIZATION_ALREADY_CONTACTED,2026-09-23T07:06:34Z
eclettica.me,OTHER,Unknown,Unresolved,,,eclettica.me,info@eclettica.me,,0,,True,False,HARD_BLOCK_DUPLICATE,CORPORATE_DOMAIN_ALREADY_CONTACTED; EXACT_EMAIL_ALREADY_CONTACTED; ORGANIZATION_ALREADY_CONTACTED,2026-09-23T07:06:53Z
efmc.eu,OTHER,Unknown,Unresolved,,,efmc.eu,info@efmc.eu,,0,,True,False,HARD_BLOCK_DUPLICATE,CORPORATE_DOMAIN_ALREADY_CONTACTED; EXACT_EMAIL_ALREADY_CONTACTED; ORGANIZATION_ALREADY_CONTACTED,2026-09-23T14:35:14Z
elestudiodecoco.com,OTHER,Unknown,Unresolved,,,elestudiodecoco.com,hola@elestudiodecoco.com,,0,,True,False,HARD_BLOCK_DUPLICATE,CORPORATE_DOMAIN_ALREADY_CONTACTED; EXACT_EMAIL_ALREADY_CONTACTED; ORGANIZATION_ALREADY_CONTACTED,2026-10-05T13:32:33Z
erinn.eu,OTHER,Unknown,Unresolved,,,erinn.eu,info@erinn.eu,,0,,True,False,HARD_BLOCK_DUPLICATE,CORPORATE_DOMAIN_ALREADY_CONTACTED; EXACT_EMAIL_ALREADY_CONTACTED; ORGANIZATION_ALREADY_CONTACTED,2026-09-23T13:32:33Z
europeanproject.eu,OTHER,Unknown,Unresolved,,,europeanproject.eu,info@europeanproject.eu,,0,,True,False,HARD_BLOCK_DUPLICATE,CORPORATE_DOMAIN_ALREADY_CONTACTED; EXACT_EMAIL_ALREADY_CONTACTED; ORGANIZATION_ALREADY_CONTACTED,2026-09-23T08:38:06Z
evolix.io,OTHER,Unknown,Unresolved,,,evolix.io,info@evolix.io,,0,,True,False,HARD_BLOCK_DUPLICATE,CORPORATE_DOMAIN_ALREADY_CONTACTED; EXACT_EMAIL_ALREADY_CONTACTED; ORGANIZATION_ALREADY_CONTACTED,2026-09-24T08:07:17Z
extremhex.com,OTHER,Unknown,Unresolved,,,extremhex.com,assistenza@extremhex.com,,0,,True,False,HARD_BLOCK_DUPLICATE,CORPORATE_DOMAIN_ALREADY_CONTACTED; EXACT_EMAIL_ALREADY_CONTACTED; ORGANIZATION_ALREADY_CONTACTED,2026-10-05T11:51:07Z
globalskillsnetwork.com,OTHER,Unknown,Unresolved,,,globalskillsnetwork.com,info@globalskillsnetwork.com,,0,,True,False,HARD_BLOCK_DUPLICATE,CORPORATE_DOMAIN_ALREADY_CONTACTED; EXACT_EMAIL_ALREADY_CONTACTED; ORGANIZATION_ALREADY_CONTACTED,2026-09-22T07:33:48Z
gmail.com,OTHER,Unknown,Unresolved,,,gmail.com,allocca.pino@gmail.com,,0,,True,False,HARD_BLOCK_DUPLICATE,EXACT_EMAIL_ALREADY_CONTACTED; ORGANIZATION_ALREADY_CONTACTED,2026-10-03T11:23:03Z
goodfirms.co,OTHER,Unknown,Unresolved,,,goodfirms.co,info@goodfirms.co,,0,,True,False,HARD_BLOCK_DUPLICATE,CORPORATE_DOMAIN_ALREADY_CONTACTED; EXACT_EMAIL_ALREADY_CONTACTED; ORGANIZATION_ALREADY_CONTACTED,2026-10-04T11:05:31Z
homeofbranding.com,OTHER,Unknown,Unresolved,,,homeofbranding.com,hr@homeofbranding.com,,0,,True,False,HARD_BLOCK_DUPLICATE,CORPORATE_DOMAIN_ALREADY_CONTACTED; EXACT_EMAIL_ALREADY_CONTACTED; ORGANIZATION_ALREADY_CONTACTED,2026-10-05T11:50:57Z
interreg-sudoe.eu,OTHER,Unknown,Unresolved,,,interreg-sudoe.eu,scsudoe@interreg-sudoe.eu,,0,,True,False,HARD_BLOCK_DUPLICATE,CORPORATE_DOMAIN_ALREADY_CONTACTED; EXACT_EMAIL_ALREADY_CONTACTED; ORGANIZATION_ALREADY_CONTACTED,2026-10-04T11:05:37Z
kom-fr.com,OTHER,Unknown,Unresolved,,,kom-fr.com,info@kom-fr.com,,0,,True,False,HARD_BLOCK_DUPLICATE,CORPORATE_DOMAIN_ALREADY_CONTACTED; EXACT_EMAIL_ALREADY_CONTACTED; ORGANIZATION_ALREADY_CONTACTED,2026-10-04T11:05:39Z
lamaquina.io,OTHER,Unknown,Unresolved,,,lamaquina.io,3dprint@lamaquina.io,,0,,True,False,HARD_BLOCK_DUPLICATE,CORPORATE_DOMAIN_ALREADY_CONTACTED; EXACT_EMAIL_ALREADY_CONTACTED; ORGANIZATION_ALREADY_CONTACTED,2026-09-04T17:05:45Z
launchko.com,OTHER,Unknown,Unresolved,,,launchko.com,talent@launchko.com,,0,,True,False,HARD_BLOCK_DUPLICATE,CORPORATE_DOMAIN_ALREADY_CONTACTED; EXACT_EMAIL_ALREADY_CONTACTED; ORGANIZATION_ALREADY_CONTACTED,2026-09-23T07:06:13Z
limeup.eu,OTHER,Unknown,Unresolved,,,limeup.eu,limeup@limeup.eu,,0,,True,False,HARD_BLOCK_DUPLICATE,CORPORATE_DOMAIN_ALREADY_CONTACTED; EXACT_EMAIL_ALREADY_CONTACTED; ORGANIZATION_ALREADY_CONTACTED,2026-09-24T08:37:51Z
marketburner.com,OTHER,Unknown,Unresolved,,,marketburner.com,hr@marketburner.com,,0,,True,False,HARD_BLOCK_DUPLICATE,CORPORATE_DOMAIN_ALREADY_CONTACTED; EXACT_EMAIL_ALREADY_CONTACTED; ORGANIZATION_ALREADY_CONTACTED,2026-09-24T15:07:34Z
medheave.com,OTHER,Unknown,Unresolved,,,medheave.com,careers@medheave.com,,0,,True,False,HARD_BLOCK_DUPLICATE,CORPORATE_DOMAIN_ALREADY_CONTACTED; EXACT_EMAIL_ALREADY_CONTACTED; ORGANIZATION_ALREADY_CONTACTED,2026-09-24T14:07:07Z
molecole.com,OTHER,Unknown,Unresolved,,,molecole.com,info@molecole.com,,0,,True,False,HARD_BLOCK_DUPLICATE,CORPORATE_DOMAIN_ALREADY_CONTACTED; EXACT_EMAIL_ALREADY_CONTACTED; ORGANIZATION_ALREADY_CONTACTED,2026-10-04T13:40:38Z
moverim.eu,OTHER,Unknown,Unresolved,,,moverim.eu,info@moverim.eu,,0,,True,False,HARD_BLOCK_DUPLICATE,CORPORATE_DOMAIN_ALREADY_CONTACTED; EXACT_EMAIL_ALREADY_CONTACTED; ORGANIZATION_ALREADY_CONTACTED,2026-09-22T10:32:55Z
newwaysoft.com,OTHER,Unknown,Unresolved,,,newwaysoft.com,hr@newwaysoft.com,,0,,True,False,HARD_BLOCK_DUPLICATE,CORPORATE_DOMAIN_ALREADY_CONTACTED; EXACT_EMAIL_ALREADY_CONTACTED; ORGANIZATION_ALREADY_CONTACTED,2026-09-24T10:05:27Z
nexuswelt.com,OTHER,Unknown,Unresolved,,,nexuswelt.com,sales@nexuswelt.com,,0,,True,False,HARD_BLOCK_DUPLICATE,CORPORATE_DOMAIN_ALREADY_CONTACTED; EXACT_EMAIL_ALREADY_CONTACTED; ORGANIZATION_ALREADY_CONTACTED,2026-10-05T13:31:56Z
opentea.eu,OTHER,Unknown,Unresolved,,,opentea.eu,info@opentea.eu,,0,,True,False,HARD_BLOCK_DUPLICATE,CORPORATE_DOMAIN_ALREADY_CONTACTED; EXACT_EMAIL_ALREADY_CONTACTED; ORGANIZATION_ALREADY_CONTACTED,2026-09-24T07:33:32Z
palbin.com,OTHER,Unknown,Unresolved,,,palbin.com,hola@palbin.com,,0,,True,False,HARD_BLOCK_DUPLICATE,CORPORATE_DOMAIN_ALREADY_CONTACTED; EXACT_EMAIL_ALREADY_CONTACTED; ORGANIZATION_ALREADY_CONTACTED,2026-10-05T13:32:23Z
pigiota314.eu,OTHER,Unknown,Unresolved,,,pigiota314.eu,info@pigiota314.eu,,0,,True,False,HARD_BLOCK_DUPLICATE,CORPORATE_DOMAIN_ALREADY_CONTACTED; EXACT_EMAIL_ALREADY_CONTACTED; ORGANIZATION_ALREADY_CONTACTED,2026-09-24T07:33:51Z
pixel-air.co.uk,OTHER,Unknown,Unresolved,,,pixel-air.co.uk,careers@pixel-air.co.uk,,0,,True,False,HARD_BLOCK_DUPLICATE,CORPORATE_DOMAIN_ALREADY_CONTACTED; EXACT_EMAIL_ALREADY_CONTACTED; ORGANIZATION_ALREADY_CONTACTED,2026-09-23T15:07:42Z
q2bstudio.com,OTHER,Unknown,Unresolved,,,q2bstudio.com,comercial@q2bstudio.com,,0,,True,False,HARD_BLOCK_DUPLICATE,CORPORATE_DOMAIN_ALREADY_CONTACTED; EXACT_EMAIL_ALREADY_CONTACTED; ORGANIZATION_ALREADY_CONTACTED,2026-10-04T11:05:42Z
qpquality.com,OTHER,Unknown,Unresolved,,,qpquality.com,info@qpquality.com,,0,,True,False,HARD_BLOCK_DUPLICATE,CORPORATE_DOMAIN_ALREADY_CONTACTED; EXACT_EMAIL_ALREADY_CONTACTED; ORGANIZATION_ALREADY_CONTACTED,2026-09-24T15:33:16Z
r2msolution.com,OTHER,Unknown,Unresolved,,,r2msolution.com,info@r2msolution.com,,0,,True,False,HARD_BLOCK_DUPLICATE,CORPORATE_DOMAIN_ALREADY_CONTACTED; EXACT_EMAIL_ALREADY_CONTACTED; ORGANIZATION_ALREADY_CONTACTED,2026-09-23T15:35:56Z
reliving-mi.com,OTHER,Unknown,Unresolved,,,reliving-mi.com,digitalmarketing@reliving-mi.com,,0,,True,False,HARD_BLOCK_DUPLICATE,CONTACTED_STATE_FROM_COMPANY_PROJECTION,2026-09-22T11:27:22Z
schlaweana.agency,OTHER,Unknown,Unresolved,,,schlaweana.agency,office@schlaweana.agency,,0,,True,False,HARD_BLOCK_DUPLICATE,CORPORATE_DOMAIN_ALREADY_CONTACTED; EXACT_EMAIL_ALREADY_CONTACTED; ORGANIZATION_ALREADY_CONTACTED,2026-09-23T14:04:51Z
southadriatic.eu,OTHER,Unknown,Unresolved,,,southadriatic.eu,js@southadriatic.eu,,0,,True,False,HARD_BLOCK_DUPLICATE,CORPORATE_DOMAIN_ALREADY_CONTACTED; EXACT_EMAIL_ALREADY_CONTACTED; ORGANIZATION_ALREADY_CONTACTED,2026-10-05T13:32:12Z
sustainableinnovations.eu,OTHER,Unknown,Unresolved,,,sustainableinnovations.eu,info@sustainableinnovations.eu,,0,,True,False,HARD_BLOCK_DUPLICATE,CORPORATE_DOMAIN_ALREADY_CONTACTED; EXACT_EMAIL_ALREADY_CONTACTED; ORGANIZATION_ALREADY_CONTACTED,2026-09-22T09:38:15Z
taskscape.org.uk,OTHER,Unknown,Unresolved,,,taskscape.org.uk,info@taskscape.org.uk,,0,,True,False,HARD_BLOCK_DUPLICATE,CORPORATE_DOMAIN_ALREADY_CONTACTED; EXACT_EMAIL_ALREADY_CONTACTED; ORGANIZATION_ALREADY_CONTACTED,2026-10-05T13:31:59Z
tero.gr,OTHER,Unknown,Unresolved,,,tero.gr,info@tero.gr,,0,,True,False,HARD_BLOCK_DUPLICATE,CORPORATE_DOMAIN_ALREADY_CONTACTED; EXACT_EMAIL_ALREADY_CONTACTED; ORGANIZATION_ALREADY_CONTACTED,2026-09-23T12:37:27Z
themelocation.com,OTHER,Unknown,Unresolved,,,themelocation.com,waqas@themelocation.com,,0,,True,False,HARD_BLOCK_DUPLICATE,CORPORATE_DOMAIN_ALREADY_CONTACTED; EXACT_EMAIL_ALREADY_CONTACTED; ORGANIZATION_ALREADY_CONTACTED,2026-10-04T11:05:28Z
tkist.com,OTHER,Unknown,Unresolved,,,tkist.com,hello@tkist.com,,0,,True,False,HARD_BLOCK_DUPLICATE,CORPORATE_DOMAIN_ALREADY_CONTACTED; EXACT_EMAIL_ALREADY_CONTACTED; ORGANIZATION_ALREADY_CONTACTED,2026-10-05T11:51:16Z
trienekensonline.com,OTHER,Unknown,Unresolved,,,trienekensonline.com,info@trienekensonline.com,,0,,True,False,HARD_BLOCK_DUPLICATE,CORPORATE_DOMAIN_ALREADY_CONTACTED; EXACT_EMAIL_ALREADY_CONTACTED; ORGANIZATION_ALREADY_CONTACTED,2026-09-23T12:05:47Z
veksai.com,OTHER,Unknown,Unresolved,,,veksai.com,hola@veksai.com,,0,,True,False,HARD_BLOCK_DUPLICATE,CORPORATE_DOMAIN_ALREADY_CONTACTED; EXACT_EMAIL_ALREADY_CONTACTED; ORGANIZATION_ALREADY_CONTACTED,2026-10-05T11:50:53Z
versgen.com,OTHER,Unknown,Unresolved,,,versgen.com,support@versgen.com,,0,,True,False,HARD_BLOCK_DUPLICATE,CORPORATE_DOMAIN_ALREADY_CONTACTED; EXACT_EMAIL_ALREADY_CONTACTED; ORGANIZATION_ALREADY_CONTACTED,2026-09-23T16:05:53Z
webbaysolutions.com,OTHER,Unknown,Unresolved,,,webbaysolutions.com,office@webbaysolutions.com,,0,,True,False,HARD_BLOCK_DUPLICATE,EXACT_EMAIL_ALREADY_CONTACTED; ORGANIZATION_ALREADY_CONTACTED,2026-09-22T08:34:21Z
webgenova.net,OTHER,Unknown,Unresolved,,,webgenova.net,info@webgenova.net,,0,,True,False,HARD_BLOCK_DUPLICATE,EXACT_EMAIL_ALREADY_CONTACTED; ORGANIZATION_ALREADY_CONTACTED,2026-10-02T08:59:57Z
windy.agency,OTHER,Unknown,Unresolved,,,windy.agency,crew@windy.agency,,0,,True,False,HARD_BLOCK_DUPLICATE,EXACT_EMAIL_ALREADY_CONTACTED; ORGANIZATION_ALREADY_CONTACTED,2026-09-24T13:07:23Z
witberry.lv,OTHER,Unknown,Unresolved,,,witberry.lv,info@witberry.lv,,0,,True,False,HARD_BLOCK_DUPLICATE,EXACT_EMAIL_ALREADY_CONTACTED; ORGANIZATION_ALREADY_CONTACTED,2026-09-24T14:34:24Z
wizerlink.com,OTHER,Unknown,Unresolved,,,wizerlink.com,projects@wizerlink.com,,0,,True,False,HARD_BLOCK_DUPLICATE,EXACT_EMAIL_ALREADY_CONTACTED; ORGANIZATION_ALREADY_CONTACTED,2026-10-05T13:32:09Z
worldmetrics.org,OTHER,Unknown,Unresolved,,,worldmetrics.org,info@worldmetrics.org,,0,,True,False,HARD_BLOCK_DUPLICATE,EXACT_EMAIL_ALREADY_CONTACTED; ORGANIZATION_ALREADY_CONTACTED,2026-10-04T11:05:26Z
wpelitehub.com,OTHER,Unknown,Unresolved,,,wpelitehub.com,hr@wpelitehub.com,,0,,True,False,HARD_BLOCK_DUPLICATE,EXACT_EMAIL_ALREADY_CONTACTED; ORGANIZATION_ALREADY_CONTACTED,2026-09-23T07:07:08Z
xeromile.com,OTHER,Unknown,Unresolved,,,xeromile.com,info@xeromile.com,,0,,True,False,HARD_BLOCK_DUPLICATE,CORPORATE_DOMAIN_ALREADY_CONTACTED; EXACT_EMAIL_ALREADY_CONTACTED; ORGANIZATION_ALREADY_CONTACTED,2026-09-23T09:07:12Z
Ádalop,OTHER,Unknown,Unresolved,,,adalop.com,info@adalop.com,,0,,True,False,HARD_BLOCK_DUPLICATE,CORPORATE_DOMAIN_ALREADY_CONTACTED; EXACT_EMAIL_ALREADY_CONTACTED; ORGANIZATION_ALREADY_CONTACTED,2026-09-03T13:57:03Z
